﻿{"inkVersion":20,"root":[["^Once upon a ","ev","str","^test","/str",{"x()":"get","exArgs":1},"out","/ev","^...","\n",["ev",{"^->":"0.10.$r1"},{"temp=":"$r"},"str",{"->":".^.s"},[{"#n":"$r1"}],"/str","/ev",{"*":"0.c-0","flg":18},{"s":["^There were two choices.",{"->":"$r","var":true},null]}],["ev",{"^->":"0.11.$r1"},{"temp=":"$r"},"str",{"->":".^.s"},[{"#n":"$r1"}],"/str","/ev",{"*":"0.c-1","flg":18},{"s":["^There were four lines of content.",{"->":"$r","var":true},null]}],{"c-0":["ev",{"^->":"0.c-0.$r2"},"/ev",{"temp=":"$r"},{"->":"0.10.s"},[{"#n":"$r2"}],"\n",{"->":"0.g-0"},{"#f":5}],"c-1":["ev",{"^->":"0.c-1.$r2"},"/ev",{"temp=":"$r"},{"->":"0.11.s"},[{"#n":"$r2"}],"\n",{"->":"0.g-0"},{"#f":5}],"g-0":["^They lived happily ever after.","\n","end",["done",{"#f":5,"#n":"g-1"}],{"#f":5}]}],"done",{"global decl":["ev",false,{"VAR=":"cat"},"/ev","end",null],"#f":1}],"listDefs":{}}